{
  "acc": 0.684981684981685,
  "R2_behavior": 0.038037896156311035,
  "n_test": 273,
  "embedding_len": 1363,
  "test_idx_len_used": 273,
  "embedding_path": "output_xCEBRA_lags/238/single_node/RC/embedding.pt"
}