{
  "acc": 0.5353901996370236,
  "R2_behavior": 0.06398457288742065,
  "n_test": 551,
  "embedding_len": 2751,
  "test_idx_len_used": 551,
  "embedding_path": "output_xCEBRA_lags/272/single_node/LC/embedding.pt"
}