PatientID,KNN_behavior
238,0.7916666666666666
239,0.7073170731707317
272,0.6549815498154982
301,0.634032634032634
304,0.6486486486486487
280,0.6584158415841584
288,0.5703001579778831
293,0.6192468619246861
PR06,0.7413793103448276
325,0.7137745974955277
326,0.5584415584415584
