{
  "acc": 0.5172413793103449,
  "R2_behavior": 0.031019747257232666,
  "n_test": 638,
  "embedding_len": 3187,
  "test_idx_len_used": 638,
  "embedding_path": "output_xCEBRA_lags/304/single_node/LINS/embedding.pt"
}