{
  "acc": 0.6666666666666666,
  "R2_behavior": 0.04319429397583008,
  "n_test": 438,
  "embedding_len": 2186,
  "test_idx_len_used": 438,
  "embedding_path": "output_xCEBRA_lags/301/single_node/RINS/embedding.pt"
}