{
  "acc": 0.6210045662100456,
  "R2_behavior": 0.036138176918029785,
  "n_test": 438,
  "embedding_len": 2186,
  "test_idx_len_used": 438,
  "embedding_path": "output_xCEBRA_lags/301/single_node/LOFC_Lateral/embedding.pt"
}