{
  "patient": "22",
  "accuracy_mean": 0.5537720706260032,
  "accuracy_std": 0.0,
  "r2_behavior": 0.08327645063400269,
  "n_test": 623,
  "note": "xCEBRA single split; std=0.0"
}