PatientID,KNN_behavior
238,0.4716981132075472
239,0.6107784431137725
272,0.4363295880149813
301,0.42890995260663506
304,0.4700162074554295
280,0.6030664395229983
288,0.5732899022801303
293,0.6147186147186147
325,0.7079482439926063
326,0.5308310991957105
