{
  "patient": "9",
  "accuracy_mean": 0.46629213483146065,
  "accuracy_std": 0.0,
  "r2_behavior": 0.08278113603591919,
  "n_test": 534,
  "note": "xCEBRA single split; std=0.0"
}