{
  "acc": 0.717948717948718,
  "R2_behavior": 0.01621425151824951,
  "n_test": 273,
  "embedding_len": 1363,
  "test_idx_len_used": 273,
  "embedding_path": "output_xCEBRA_lags/238/single_node/LINS/embedding.pt"
}