node,acc,R2_behavior,n_test
LOFC_Medial,0.631484794275492,0.05554991960525513,559
LOFC_Lateral,0.6457960644007156,0.04619908332824707,559
ROFC_Medial,0.629695885509839,0.025430679321289062,559
ROFC_Lateral,0.6601073345259392,0.05979734659194946,559
LAD,0.7495527728085868,0.06948840618133545,559
RAD,0.6350626118067979,0.021474182605743408,559
LINS,0.6386404293381037,0.035731613636016846,559
RINS,0.6851520572450805,0.03937792778015137,559
