{
  "acc": 0.6227106227106227,
  "R2_behavior": 0.06931483745574951,
  "n_test": 273,
  "embedding_len": 1363,
  "test_idx_len_used": 273,
  "embedding_path": "output_xCEBRA_lags/238/single_node/LAD/embedding.pt"
}