{
  "acc": 0.6959706959706959,
  "R2_behavior": 0.13977432250976562,
  "n_test": 273,
  "embedding_len": 1363,
  "test_idx_len_used": 273,
  "embedding_path": "output_xCEBRA_lags/238/single_node/RAD/embedding.pt"
}