{
  "acc": 0.6232876712328768,
  "R2_behavior": 0.06905543804168701,
  "n_test": 438,
  "embedding_len": 2186,
  "test_idx_len_used": 438,
  "embedding_path": "output_xCEBRA_lags/301/single_node/LINS/embedding.pt"
}