node,acc,R2_behavior,n_test
LOFC_Medial,0.5700934579439252,0.03842252492904663,642
LOFC_Lateral,0.573208722741433,0.013130724430084229,642
ROFC_Medial,0.5763239875389408,0.05059021711349487,642
ROFC_Lateral,0.6542056074766355,0.0837128758430481,642
LAD,0.5763239875389408,0.10459136962890625,642
RAD,0.5545171339563862,0.04088681936264038,642
LC,0.5685358255451713,0.013663709163665771,642
RC,0.557632398753894,0.044881343841552734,642
