{
  "acc": 0.5940438871473355,
  "R2_behavior": 0.04362744092941284,
  "n_test": 638,
  "embedding_len": 3187,
  "test_idx_len_used": 638,
  "embedding_path": "output_xCEBRA_lags/304/single_node/LAD/embedding.pt"
}