{
  "acc": 0.6763005780346821,
  "R2_behavior": 0.05898529291152954,
  "n_test": 173,
  "embedding_len": 864,
  "test_idx_len_used": 173,
  "embedding_path": "output_xCEBRA_lags/239/single_node/LAD/embedding.pt"
}