node,acc,R2_behavior,n_test
LOFC_Medial,0.5913757700205339,0.03909802436828613,487
LOFC_Lateral,0.6016427104722792,0.04770749807357788,487
ROFC_Medial,0.5852156057494866,0.0663374662399292,487
ROFC_Lateral,0.648870636550308,0.05996924638748169,487
LAD,0.6119096509240246,0.061341285705566406,487
RAD,0.6098562628336756,0.04033690690994263,487
LC,0.5667351129363449,0.011203229427337646,487
RC,0.5831622176591376,0.05009782314300537,487
