{
  "acc": 0.6410256410256411,
  "R2_behavior": 0.07378733158111572,
  "n_test": 273,
  "embedding_len": 1363,
  "test_idx_len_used": 273,
  "embedding_path": "output_xCEBRA_lags/238/single_node/RINS/embedding.pt"
}