node,acc,R2_behavior,n_test
LOFC_Medial,0.4909090909090909,0.05463826656341553,385
LOFC_Lateral,0.5584415584415584,0.0316234827041626,385
ROFC_Medial,0.6155844155844156,0.14870482683181763,385
ROFC_Lateral,0.6051948051948052,0.02699112892150879,385
LC,0.5844155844155844,0.14324522018432617,385
RC,0.5012987012987012,0.03491789102554321,385
