{
  "acc": 0.7341040462427746,
  "R2_behavior": 0.10141897201538086,
  "n_test": 173,
  "embedding_len": 864,
  "test_idx_len_used": 173,
  "embedding_path": "output_xCEBRA_lags/239/single_node/RC/embedding.pt"
}