{
  "patient": "15",
  "accuracy_mean": 0.7658536585365854,
  "accuracy_std": 0.0,
  "r2_behavior": 0.0793459415435791,
  "n_test": 615,
  "note": "xCEBRA single split; std=0.0"
}