{
  "acc": 0.7572254335260116,
  "R2_behavior": 0.09513479471206665,
  "n_test": 173,
  "embedding_len": 864,
  "test_idx_len_used": 173,
  "embedding_path": "output_xCEBRA_lags/239/single_node/RAD/embedding.pt"
}