{
  "acc": 0.6152450090744102,
  "R2_behavior": 0.14649218320846558,
  "n_test": 551,
  "embedding_len": 2751,
  "test_idx_len_used": 551,
  "embedding_path": "output_xCEBRA_lags/272/single_node/RINS/embedding.pt"
}