{
  "patient": "30",
  "accuracy_mean": 0.6454545454545455,
  "accuracy_std": 0.0,
  "r2_behavior": 0.1101369857788086,
  "n_test": 550,
  "note": "xCEBRA single split; std=0.0"
}