{
  "acc": 0.5768025078369906,
  "R2_behavior": 0.031111836433410645,
  "n_test": 638,
  "embedding_len": 3187,
  "test_idx_len_used": 638,
  "embedding_path": "output_xCEBRA_lags/304/single_node/LOFC_Medial/embedding.pt"
}