{
  "acc": 0.5768025078369906,
  "R2_behavior": 0.03181558847427368,
  "n_test": 638,
  "embedding_len": 3187,
  "test_idx_len_used": 638,
  "embedding_path": "output_xCEBRA_lags/304/single_node/RINS/embedding.pt"
}